ID	DOCULECT	DOCULECT_IN_SOURCE	CONCEPT	CHARACTER	CONCEPTICON_ID	VALUE	SOURCE
353	Common_Chinese	CC	bamboo	竹	1927	*ciuk⁷	Norman2003
354	Beijing	Bj	bamboo	竹	1927	tʂu²	BeijingDaxue1964
355	Suzhou	Sz	bamboo	竹	1927	tsoʔ⁷	BeijingDaxue1964
356	Nanchang	Nc	bamboo	竹	1927	tsuk⁷	BeijingDaxue1964
357	Meixian	Mx	bamboo	竹	1927	tsuk⁷	BeijingDaxue1964
358	Guangzhou	Gz	bamboo	竹	1927	tsuk⁷	BeijingDaxue1964
359	Jiangyong	Jy	bamboo	竹	1927	liou⁷	Huang1993
360	Heping	Hp	bamboo	竹	1927	ty⁷	Norman2003
361	Zhenqian	Zq	bamboo	竹	1927	ty³	Norman2003
362	Jianchuan	Jc	bamboo	竹	1927	kε⁴	Xu1984
363	Jiangshan	Js	bamboo	竹	1927	taʔ⁷	Norman2003
331	Common_Chinese	CC	blood	血	946	*hiot⁷	Norman2003
332	Beijing	Bj	blood	血	946	ɕiε³	BeijingDaxue1964
333	Suzhou	Sz	blood	血	946	ɕyɤʔ⁷	BeijingDaxue1964
334	Nanchang	Nc	blood	血	946	ɕyot⁷	BeijingDaxue1964
335	Meixian	Mx	blood	血	946	hiat⁷	BeijingDaxue1964
336	Guangzhou	Gz	blood	血	946	hyt⁷	BeijingDaxue1964
337	Jiangyong	Jy	blood	血	946	ɕy⁷	Huang1993
338	Heping	Hp	blood	血	946	fæ⁷	Norman2003
339	Zhenqian	Zq	blood	血	946	huai³	Norman2003
340	Jianchuan	Jc	blood	血	946	sua⁵	Xu1984
341	Jiangshan	Js	blood	血	946	xyεʔ⁷	Norman2003
232	Common_Chinese	CC	broken	破	588	*pho⁵	Norman2003
233	Beijing	Bj	broken	破	588	pʰuo⁵	BeijingDaxue1964
234	Suzhou	Sz	broken	破	588	pʰu⁵	BeijingDaxue1964
235	Nanchang	Nc	broken	破	588	pʰo⁵	BeijingDaxue1964
236	Meixian	Mx	broken	破	588	pʰo⁵	BeijingDaxue1964
237	Guangzhou	Gz	broken	破	588	pʰo⁵	BeijingDaxue1964
238	Jiangyong	Jy	broken	破	588	pʰu⁵	Huang1993
239	Heping	Hp	broken	破	588	pʰai⁵	Norman2003
240	Zhenqian	Zq	broken	破	588	pʰua⁵	Norman2003
241	Jianchuan	Jc	broken	破	588	pʰo³	Xu1984
242	Jiangshan	Js	broken	破	588	pʰai⁵	Norman2003
23	Common_Chinese	CC	chicken	雞	1318	*kiai¹	Norman2003
24	Beijing	Bj	chicken	雞	1318	tɕi¹	BeijingDaxue1964
25	Suzhou	Sz	chicken	雞	1318	tɕi¹	BeijingDaxue1964
26	Nanchang	Nc	chicken	雞	1318	tɕi¹	BeijingDaxue1964
27	Meixian	Mx	chicken	雞	1318	kε¹	BeijingDaxue1964
28	Guangzhou	Gz	chicken	雞	1318	kɐi¹	BeijingDaxue1964
29	Jiangyong	Jy	chicken	雞	1318	t  i1	Huang1993
30	Heping	Hp	chicken	雞	1318	kei¹	Norman2003
31	Zhenqian	Zq	chicken	雞	1318	kai¹	Norman2003
32	Jianchuan	Jc	chicken	雞	1318	ke¹	Xu1984
33	Jiangshan	Js	chicken	雞	1318	iε¹	Norman2003
67	Common_Chinese	CC	come	來	1446	*loi²	Norman2003
68	Beijing	Bj	come	來	1446	lai²	BeijingDaxue1964
69	Suzhou	Sz	come	來	1446	le²	BeijingDaxue1964
70	Nanchang	Nc	come	來	1446	lai²	BeijingDaxue1964
71	Meixian	Mx	come	來	1446	loi²	BeijingDaxue1964
72	Guangzhou	Gz	come	來	1446	lɐi²	BeijingDaxue1964
73	Jiangyong	Jy	come	來	1446	lø²	Huang1993
74	Heping	Hp	come	來	1446	li²	Norman2003
75	Zhenqian	Zq	come	來	1446	lœ²	Norman2003
76	Jianchuan	Jc	come	來	1446	ɣɯ⁴	Xu1984
77	Jiangshan	Js	come	來	1446	li²	Norman2003
89	Common_Chinese	CC	cow	牛	1007	*ŋiou²	Norman2003
90	Beijing	Bj	cow	牛	1007	niu²	BeijingDaxue1964
91	Suzhou	Sz	cow	牛	1007	nʏ²	BeijingDaxue1964
92	Nanchang	Nc	cow	牛	1007	niu ²	BeijingDaxue1964
93	Meixian	Mx	cow	牛	1007	niu²	BeijingDaxue1964
94	Guangzhou	Gz	cow	牛	1007	ŋɐu²	BeijingDaxue1964
95	Jiangyong	Jy	cow	牛	1007	ŋou²	Huang1993
96	Heping	Hp	cow	牛	1007	ny²	Norman2003
97	Zhenqian	Zq	cow	牛	1007	niu²	Norman2003
98	Jianchuan	Jc	cow	牛	1007	ŋɯ⁸	Xu1984
99	Jiangshan	Js	cow	牛	1007	ŋɯə²	Norman2003
45	Common_Chinese	CC	deep	深	1593	*shim¹	Norman2003
46	Beijing	Bj	deep	深	1593	ʂən¹	BeijingDaxue1964
47	Suzhou	Sz	deep	深	1593	sən¹	BeijingDaxue1964
48	Nanchang	Nc	deep	深	1593	sən¹	BeijingDaxue1964
49	Meixian	Mx	deep	深	1593	tsʰəm¹	BeijingDaxue1964
50	Guangzhou	Gz	deep	深	1593	sɐm¹	BeijingDaxue1964
51	Jiangyong	Jy	deep	深	1593	ie1	Huang1993
52	Heping	Hp	deep	深	1593	tɕʰim¹	Norman2003
53	Zhenqian	Zq	deep	深	1593	tsʰeŋ¹	Norman2003
54	Jianchuan	Jc	deep	深	1593	sɛ̃¹	Xu1984
55	Jiangshan	Js	deep	深	1593	tsʰøn¹	Norman2003
144	Common_Chinese	CC	early	早	672	*tsou³	Norman2003
145	Beijing	Bj	early	早	672	tsau³	BeijingDaxue1964
146	Suzhou	Sz	early	早	672	tsæ³	BeijingDaxue1964
147	Nanchang	Nc	early	早	672	tsau³	BeijingDaxue1964
148	Meixian	Mx	early	早	672	tsau³	BeijingDaxue1964
149	Guangzhou	Gz	early	早	672	tsou³	BeijingDaxue1964
150	Jiangyong	Jy	early	早	672	tsau³	Huang1993
151	Heping	Hp	early	早	672	tʰoʔ⁴	Norman2003
152	Zhenqian	Zq	early	早	672	tso³	Norman2003
153	Jianchuan	Jc	early	早	672	tsu¹	Xu1984
154	Jiangshan	Js	early	早	672	tsiau³	Norman2003
122	Common_Chinese	CC	fire	火	221	*huo³	Norman2003
123	Beijing	Bj	fire	火	221	xuo³	BeijingDaxue1964
124	Suzhou	Sz	fire	火	221	həu³	BeijingDaxue1964
125	Nanchang	Nc	fire	火	221	fo³	BeijingDaxue1964
126	Meixian	Mx	fire	火	221	fo³	BeijingDaxue1964
127	Guangzhou	Gz	fire	火	221	fo³	BeijingDaxue1964
128	Jiangyong	Jy	fire	火	221	fu³	Huang1993
129	Heping	Hp	fire	火	221	kʰuei³	Norman2003
130	Zhenqian	Zq	fire	火	221	hue³	Norman2003
131	Jianchuan	Jc	fire	火	221	xui1	Xu1984
132	Jiangshan	Js	fire	火	221	xuei³	Norman2003
78	Common_Chinese	CC	flow	留	2003	*liou²	Norman2003
79	Beijing	Bj	flow	留	2003	liu²	BeijingDaxue1964
80	Suzhou	Sz	flow	留	2003	lʏ²	BeijingDaxue1964
81	Nanchang	Nc	flow	留	2003	liu²	BeijingDaxue1964
82	Meixian	Mx	flow	留	2003	liu²	BeijingDaxue1964
83	Guangzhou	Gz	flow	留	2003	lɐu²	BeijingDaxue1964
84	Jiangyong	Jy	flow	留	2003	liou²	Huang1993
85	Heping	Hp	flow	留	2003	liu²	Norman2003
86	Zhenqian	Zq	flow	留	2003	lo²	Norman2003
87	Jianchuan	Jc	flow	留	2003	kɯ⁸	Xu1984
88	Jiangshan	Js	flow	留	2003	lu²	Norman2003
243	Common_Chinese	CC	four	四	1500	*si⁵	Norman2003
244	Beijing	Bj	four	四	1500	sɿ⁵	BeijingDaxue1964
245	Suzhou	Sz	four	四	1500	sɿ⁵	BeijingDaxue1964
246	Nanchang	Nc	four	四	1500	sɿ⁵	BeijingDaxue1964
247	Meixian	Mx	four	四	1500	si⁵	BeijingDaxue1964
248	Guangzhou	Gz	four	四	1500	sei⁵	BeijingDaxue1964
249	Jiangyong	Jy	four	四	1500	sa⁵	Huang1993
250	Heping	Hp	four	四	1500	si⁵	Norman2003
251	Zhenqian	Zq	four	四	1500	si⁵	Norman2003
252	Jianchuan	Jc	four	四	1500	ɕi⁵	Xu1984
253	Jiangshan	Js	four	四	1500	si⁵	Norman2003
221	Common_Chinese	CC	go	去	695	*khie⁵	Norman2003
222	Beijing	Bj	go	去	695	tɕʰy⁵	BeijingDaxue1964
223	Suzhou	Sz	go	去	695	tɕʰi⁵	BeijingDaxue1964
224	Nanchang	Nc	go	去	695	tɕʰiε⁵	BeijingDaxue1964
225	Meixian	Mx	go	去	695	hi⁵	BeijingDaxue1964
226	Guangzhou	Gz	go	去	695	hœy⁵	BeijingDaxue1964
227	Jiangyong	Jy	go	去	695	hu⁵	Huang1993
228	Heping	Hp	go	去	695	kʰo⁵	Norman2003
229	Zhenqian	Zq	go	去	695	kʰo⁵	Norman2003
230	Jianchuan	Jc	go	去	695	ŋε⁸	Xu1984
231	Jiangshan	Js	go	去	695	kʰɯə⁵	Norman2003
177	Common_Chinese	CC	go down	下	2014	*hha⁴	Norman2003
178	Beijing	Bj	go down	下	2014	ɕia⁴	BeijingDaxue1964
179	Suzhou	Sz	go down	下	2014	ɦo6	BeijingDaxue1964
180	Nanchang	Nc	go down	下	2014	ha⁶	BeijingDaxue1964
181	Meixian	Mx	go down	下	2014	ha1	BeijingDaxue1964
182	Guangzhou	Gz	go down	下	2014	ha⁴	BeijingDaxue1964
183	Jiangyong	Jy	go down	下	2014	fɯə⁴	Huang1993
184	Heping	Hp	go down	下	2014	haʔ⁴	Norman2003
185	Zhenqian	Zq	go down	下	2014	ha5	Norman2003
186	Jianchuan	Jc	go down	下	2014	tʰɯ²	Xu1984
187	Jiangshan	Js	go down	下	2014	ɔ⁴	Norman2003
364	Common_Chinese	CC	go out	出	1107	*chiut⁷	Norman2003
365	Beijing	Bj	go out	出	1107	tʂʰu¹	BeijingDaxue1964
366	Suzhou	Sz	go out	出	1107	tsʰɤʔ⁷	BeijingDaxue1964
367	Nanchang	Nc	go out	出	1107	tsʰət⁷	BeijingDaxue1964
368	Meixian	Mx	go out	出	1107	tsʰut⁷	BeijingDaxue1964
369	Guangzhou	Gz	go out	出	1107	tsʰɔt⁷	BeijingDaxue1964
370	Jiangyong	Jy	go out	出	1107	ɕya⁷	Huang1993
371	Heping	Hp	go out	出	1107	tsʰui⁷	Norman2003
372	Zhenqian	Zq	go out	出	1107	tsʰue³	Norman2003
373	Jianchuan	Jc	go out	出	1107	tɕʰi⁴	Xu1984
374	Jiangshan	Js	go out	出	1107	tɕʰyεʔ⁷	Norman2003
287	Common_Chinese	CC	graph	字	1024	*dzi⁶	Norman2003
288	Beijing	Bj	graph	字	1024	tsɿ⁵	BeijingDaxue1964
289	Suzhou	Sz	graph	字	1024	zɿ⁵	BeijingDaxue1964
290	Nanchang	Nc	graph	字	1024	tsʰɿ⁶	BeijingDaxue1964
291	Meixian	Mx	graph	字	1024	sɿ⁵	BeijingDaxue1964
292	Guangzhou	Gz	graph	字	1024	tsi⁶	BeijingDaxue1964
293	Jiangyong	Jy	graph	字	1024	tsɯə ⁶	Huang1993
294	Heping	Hp	graph	字	1024	tʰe⁶	Norman2003
295	Zhenqian	Zq	graph	字	1024	tsi⁹	Norman2003
296	Jianchuan	Jc	graph	字	1024	tsɯ³	Xu1984
297	Jiangshan	Js	graph	字	1024	dzɯə⁶	Norman2003
254	Common_Chinese	CC	half	半	816	*pon⁵	Norman2003
255	Beijing	Bj	half	半	816	pan⁵	BeijingDaxue1964
256	Suzhou	Sz	half	半	816	pø⁵	BeijingDaxue1964
257	Nanchang	Nc	half	半	816	pon⁵	BeijingDaxue1964
258	Meixian	Mx	half	半	816	pan⁴	BeijingDaxue1964
259	Guangzhou	Gz	half	半	816	pun⁵	BeijingDaxue1964
260	Jiangyong	Jy	half	半	816	paŋ⁵	Huang1993
261	Heping	Hp	half	半	816	pon⁵	Norman2003
262	Zhenqian	Zq	half	半	816	puaiŋ⁵	Norman2003
263	Jianchuan	Jc	half	半	816	po⁸	Xu1984
264	Jiangshan	Js	half	半	816	piεn⁵	Norman2003
133	Common_Chinese	CC	hand	手	1277	*shiou³	Norman2003
134	Beijing	Bj	hand	手	1277	ʂou³	BeijingDaxue1964
135	Suzhou	Sz	hand	手	1277	sʏ³	BeijingDaxue1964
136	Nanchang	Nc	hand	手	1277	səu³	BeijingDaxue1964
137	Meixian	Mx	hand	手	1277	su³	BeijingDaxue1964
138	Guangzhou	Gz	hand	手	1277	sɐu³	BeijingDaxue1964
139	Jiangyong	Jy	hand	手	1277	ɕiou³	Huang1993
140	Heping	Hp	hand	手	1277	iɕu³	Norman2003
141	Zhenqian	Zq	hand	手	1277	siu³	Norman2003
142	Jianchuan	Jc	hand	手	1277	sɯ¹	Xu1984
143	Jiangshan	Js	hand	手	1277	tɕʰye³	Norman2003
188	Common_Chinese	CC	heavy	重	1210	*jiuŋ⁴	Norman2003
189	Beijing	Bj	heavy	重	1210	tʂuŋ³	BeijingDaxue1964
190	Suzhou	Sz	heavy	重	1210	zoŋ⁶	BeijingDaxue1964
191	Nanchang	Nc	heavy	重	1210	tsʰuŋ⁶	BeijingDaxue1964
192	Meixian	Mx	heavy	重	1210	tsʰuŋ¹	BeijingDaxue1964
193	Guangzhou	Gz	heavy	重	1210	tsʰuŋ⁴	BeijingDaxue1964
194	Jiangyong	Jy	heavy	重	1210	tɕiaŋ⁴	Huang1993
195	Heping	Hp	heavy	重	1210	hn̍ʔ⁴	Norman2003
196	Zhenqian	Zq	heavy	重	1210	toŋ6	Norman2003
197	Jianchuan	Jc	heavy	重	1210	tsṽ1	Xu1984
198	Jiangshan	Js	heavy	重	1210	dʑiuŋ⁴	Norman2003
265	Common_Chinese	CC	laugh	笑	1355	*siau5	Norman2003
266	Beijing	Bj	laugh	笑	1355	ɕiau⁵	BeijingDaxue1964
267	Suzhou	Sz	laugh	笑	1355	siæ⁵	BeijingDaxue1964
268	Nanchang	Nc	laugh	笑	1355	ɕiεu⁵	BeijingDaxue1964
269	Meixian	Mx	laugh	笑	1355	siau⁵	BeijingDaxue1964
270	Guangzhou	Gz	laugh	笑	1355	siu⁵	BeijingDaxue1964
271	Jiangyong	Jy	laugh	笑	1355	siu⁵	Huang1993
272	Heping	Hp	laugh	笑	1355	sieu5	Norman2003
273	Zhenqian	Zq	laugh	笑	1355	sio5	Norman2003
274	Jianchuan	Jc	laugh	笑	1355	so³	Xu1984
275	Jiangshan	Js	laugh	笑	1355	tɕʰiau⁵	Norman2003
34	Common_Chinese	CC	liver	肝	1224	*kon¹	Norman2003
35	Beijing	Bj	liver	肝	1224	kan¹	BeijingDaxue1964
36	Suzhou	Sz	liver	肝	1224	kø̃¹	BeijingDaxue1964
37	Nanchang	Nc	liver	肝	1224	kon¹	BeijingDaxue1964
38	Meixian	Mx	liver	肝	1224	kon¹	BeijingDaxue1964
39	Guangzhou	Gz	liver	肝	1224	kon¹	BeijingDaxue1964
40	Jiangyong	Jy	liver	肝	1224	kaŋ¹	Huang1993
41	Heping	Hp	liver	肝	1224	hon¹	Norman2003
42	Zhenqian	Zq	liver	肝	1224	huaiŋ¹	Norman2003
43	Jianchuan	Jc	liver	肝	1224	kã²	Xu1984
44	Jiangshan	Js	liver	肝	1224	kɔŋ¹	Norman2003
100	Common_Chinese	CC	long	長	1203	*jioŋ²	Norman2003
101	Beijing	Bj	long	長	1203	tʂʰaŋ²	BeijingDaxue1964
102	Suzhou	Sz	long	長	1203	zaŋ²	BeijingDaxue1964
103	Nanchang	Nc	long	長	1203	tsʰoŋ²	BeijingDaxue1964
104	Meixian	Mx	long	長	1203	tsʰoŋ²	BeijingDaxue1964
105	Guangzhou	Gz	long	長	1203	tsʰœŋ²	BeijingDaxue1964
106	Jiangyong	Jy	long	長	1203	tɕiaŋ²	Huang1993
107	Heping	Hp	long	長	1203	hoŋ²	Norman2003
108	Zhenqian	Zq	long	長	1203	tauŋ⁹	Norman2003
109	Jianchuan	Jc	long	長	1203	tsõ⁸	Xu1984
110	Jiangshan	Js	long	長	1203	tʰœ̃²	Norman2003
430	Common_Chinese	CC	mat	席	195	*ziak⁸	Norman2003
431	Beijing	Bj	mat	席	195	ɕi²	BeijingDaxue1964
432	Suzhou	Sz	mat	席	195	ziɪʔ⁸	BeijingDaxue1964
433	Nanchang	Nc	mat	席	195	tɕʰiak⁸	BeijingDaxue1964
434	Meixian	Mx	mat	席	195	sit⁸	BeijingDaxue1964
435	Guangzhou	Gz	mat	席	195	tsεk⁸	BeijingDaxue1964
436	Jiangyong	Jy	mat	席	195	tsie⁶	Huang1993
437	Heping	Hp	mat	席	195	tʰiaʔ⁴	Norman2003
438	Zhenqian	Zq	mat	席	195	sio⁶	Norman2003
439	Jianchuan	Jc	mat	席	195	pʰu³	Xu1984
440	Jiangshan	Js	mat	席	195	siεʔ⁸	Norman2003
386	Common_Chinese	CC	month	月	1370	*ŋiot8	Norman2003
387	Beijing	Bj	month	月	1370	yε⁵	BeijingDaxue1964
388	Suzhou	Sz	month	月	1370	ŋɤʔ⁸	BeijingDaxue1964
389	Nanchang	Nc	month	月	1370	ɲyot⁸	BeijingDaxue1964
390	Meixian	Mx	month	月	1370	ɲyat⁸	BeijingDaxue1964
391	Guangzhou	Gz	month	月	1370	jyt⁸	BeijingDaxue1964
392	Jiangyong	Jy	month	月	1370	ɲy⁶	Huang1993
393	Heping	Hp	month	月	1370	væʔ⁴	Norman2003
394	Zhenqian	Zq	month	月	1370	ŋye⁵	Norman2003
395	Jianchuan	Jc	month	月	1370	ŋua⁵	Xu1984
396	Jiangshan	Js	month	月	1370	ŋuoʔ⁸	Norman2003
375	Common_Chinese	CC	nail	甲	1896	*kap⁷	Norman2003
376	Beijing	Bj	nail	甲	1896	tɕia3	BeijingDaxue1964
377	Suzhou	Sz	nail	甲	1896	kaʔ⁷	BeijingDaxue1964
378	Nanchang	Nc	nail	甲	1896	kat⁷	BeijingDaxue1964
379	Meixian	Mx	nail	甲	1896	kap⁷	BeijingDaxue1964
380	Guangzhou	Gz	nail	甲	1896	kap⁷	BeijingDaxue1964
381	Jiangyong	Jy	nail	甲	1896	kuə⁷	Huang1993
382	Heping	Hp	nail	甲	1896	kam⁷	Norman2003
383	Zhenqian	Zq	nail	甲	1896	ka³	Norman2003
384	Jianchuan	Jc	nail	甲	1896	kε⁴	Xu1984
385	Jiangshan	Js	nail	甲	1896	kaʔ⁷	Norman2003
210	Common_Chinese	CC	near	近	1942	*gin⁴	Norman2003
211	Beijing	Bj	near	近	1942	tɕin5	BeijingDaxue1964
212	Suzhou	Sz	near	近	1942	dʑin6	BeijingDaxue1964
213	Nanchang	Nc	near	近	1942	tɕʰin⁶	BeijingDaxue1964
214	Meixian	Mx	near	近	1942	kʰiun1	BeijingDaxue1964
215	Guangzhou	Gz	near	近	1942	kʰɐn⁴	BeijingDaxue1964
216	Jiangyong	Jy	near	近	1942	tɕie⁴	Huang1993
217	Heping	Hp	near	近	1942	kʰuanʔ⁴	Norman2003
218	Zhenqian	Zq	near	近	1942	kyeŋ5	Norman2003
219	Jianchuan	Jc	near	近	1942	tɕĩ¹	Xu1984
220	Jiangshan	Js	near	近	1942	gœ̃⁴	Norman2003
298	Common_Chinese	CC	old	老	1229	*giou⁶	Norman2003
299	Beijing	Bj	old	老	1229	tɕiu⁵	BeijingDaxue1964
300	Suzhou	Sz	old	老	1229	dʑiʏ⁶	BeijingDaxue1964
301	Nanchang	Nc	old	老	1229	tɕʰiu⁶	BeijingDaxue1964
302	Meixian	Mx	old	老	1229	kʰiu⁵	BeijingDaxue1964
303	Guangzhou	Gz	old	老	1229	kɐu⁶	BeijingDaxue1964
304	Jiangyong	Jy	old	老	1229	tɕiou⁶	Huang1993
305	Heping	Hp	old	老	1229	kʰy⁶	Norman2003
306	Zhenqian	Zq	old	老	1229	kiu⁶	Norman2003
307	Jianchuan	Jc	old	老	1229	kɯ³	Xu1984
308	Jiangshan	Js	old	老	1229	gɯ⁶	Norman2003
166	Common_Chinese	CC	rise	上	568	*zhioŋ⁴	Norman2003
167	Beijing	Bj	rise	上	568	ʂaŋ⁴	BeijingDaxue1964
168	Suzhou	Sz	rise	上	568	zɐŋ⁶	BeijingDaxue1964
169	Nanchang	Nc	rise	上	568	soŋ⁶	BeijingDaxue1964
170	Meixian	Mx	rise	上	568	soŋ¹	BeijingDaxue1964
171	Guangzhou	Gz	rise	上	568	sœŋ⁴	BeijingDaxue1964
172	Jiangyong	Jy	rise	上	568	ɕiaŋ⁴	Huang1993
173	Heping	Hp	rise	上	568	ɕioŋʔ⁴	Norman2003
174	Zhenqian	Zq	rise	上	568	ioŋ5	Norman2003
175	Jianchuan	Jc	rise	上	568	tsõ1	Xu1984
176	Jiangshan	Js	rise	上	568	dʑiaŋ⁴	Norman2003
342	Common_Chinese	CC	seven	七	1704	*tshit⁷	Norman2003
343	Beijing	Bj	seven	七	1704	tɕʰi1	BeijingDaxue1964
344	Suzhou	Sz	seven	七	1704	tɕʰiɪʔ⁷	BeijingDaxue1964
345	Nanchang	Nc	seven	七	1704	tɕʰitʔ⁷	BeijingDaxue1964
346	Meixian	Mx	seven	七	1704	tsʰit⁷	BeijingDaxue1964
347	Guangzhou	Gz	seven	七	1704	tsʰɐt⁷	BeijingDaxue1964
348	Jiangyong	Jy	seven	七	1704	tsʰa⁷	Huang1993
349	Heping	Hp	seven	七	1704	tʰi⁷	Norman2003
350	Zhenqian	Zq	seven	七	1704	tsʰi³	Norman2003
351	Jianchuan	Jc	seven	七	1704	tɕʰi⁵	Xu1984
352	Jiangshan	Js	seven	七	1704	tɕʰəʔ⁷	Norman2003
276	Common_Chinese	CC	sick	病	1847	*biaŋ⁶	Norman2003
277	Beijing	Bj	sick	病	1847	piŋ⁵	BeijingDaxue1964
278	Suzhou	Sz	sick	病	1847	beŋ⁶	BeijingDaxue1964
279	Nanchang	Nc	sick	病	1847	pʰiaŋ⁶	BeijingDaxue1964
280	Meixian	Mx	sick	病	1847	pʰiaŋ⁵	BeijingDaxue1964
281	Guangzhou	Gz	sick	病	1847	pεŋ⁶	BeijingDaxue1964
282	Jiangyong	Jy	sick	病	1847	pioŋ⁶	Huang1993
283	Heping	Hp	sick	病	1847	kʰuæ5	Norman2003
284	Zhenqian	Zq	sick	病	1847	paŋ⁶	Norman2003
285	Jianchuan	Jc	sick	病	1847	pɛ̃³	Xu1984
286	Jiangshan	Js	sick	病	1847	baŋ⁶	Norman2003
199	Common_Chinese	CC	sit	坐	1416	*dzuo⁴	Norman2003
200	Beijing	Bj	sit	坐	1416	tsuo5	BeijingDaxue1964
201	Suzhou	Sz	sit	坐	1416	zəu6	BeijingDaxue1964
202	Nanchang	Nc	sit	坐	1416	tsʰo⁶	BeijingDaxue1964
203	Meixian	Mx	sit	坐	1416	tsʰo1	BeijingDaxue1964
204	Guangzhou	Gz	sit	坐	1416	tsʰo⁴	BeijingDaxue1964
205	Jiangyong	Jy	sit	坐	1416	tsəɯ⁴	Huang1993
206	Heping	Hp	sit	坐	1416	tʰoiʔ⁴	Norman2003
207	Zhenqian	Zq	sit	坐	1416	tsuai5	Norman2003
208	Jianchuan	Jc	sit	坐	1416	kv⁷	Xu1984
209	Jiangshan	Js	sit	坐	1416	si⁴	Norman2003
56	Common_Chinese	CC	skin	皮	763	*bi²	Norman2003
57	Beijing	Bj	skin	皮	763	pʰi²	BeijingDaxue1964
58	Suzhou	Sz	skin	皮	763	bi²	BeijingDaxue1964
59	Nanchang	Nc	skin	皮	763	pʰi²	BeijingDaxue1964
60	Meixian	Mx	skin	皮	763	pʰi²	BeijingDaxue1964
61	Guangzhou	Gz	skin	皮	763	pʰei²	BeijingDaxue1964
62	Jiangyong	Jy	skin	皮	763	pø²	Huang1993
63	Heping	Hp	skin	皮	763	pʰui²	Norman2003
64	Zhenqian	Zq	skin	皮	763	pʰue²	Norman2003
65	Jianchuan	Jc	skin	皮	763	pe⁸	Xu1984
66	Jiangshan	Js	skin	皮	763	pʰei²	Norman2003
1	Common_Chinese	CC	sky	天	1732	*thian¹	Norman2003
2	Beijing	Bj	sky	天	1732	tʰiεn1	BeijingDaxue1964
3	Suzhou	Sz	sky	天	1732	tʰiɪ¹	BeijingDaxue1964
4	Nanchang	Nc	sky	天	1732	tʰiεn1	BeijingDaxue1964
5	Meixian	Mx	sky	天	1732	tʰiεn1	BeijingDaxue1964
6	Guangzhou	Gz	sky	天	1732	tʰin1	BeijingDaxue1964
7	Jiangyong	Jy	sky	天	1732	tʰəŋ¹	Huang1993
8	Heping	Hp	sky	天	1732	hæn¹	Norman2003
9	Zhenqian	Zq	sky	天	1732	tʰiŋ¹	Norman2003
10	Jianchuan	Jc	sky	天	1732	xɛ̃²	Xu1984
11	Jiangshan	Js	sky	天	1732	tʰiεn¹	Norman2003
419	Common_Chinese	CC	stone	石	857	*zhiak⁸	Norman2003
420	Beijing	Bj	stone	石	857	ʂʅ²	BeijingDaxue1964
421	Suzhou	Sz	stone	石	857	zɐʔ⁸	BeijingDaxue1964
422	Nanchang	Nc	stone	石	857	sak⁸	BeijingDaxue1964
423	Meixian	Mx	stone	石	857	sak⁸	BeijingDaxue1964
424	Guangzhou	Gz	stone	石	857	sεk⁸	BeijingDaxue1964
425	Jiangyong	Jy	stone	石	857	ɕyə⁶	Huang1993
426	Heping	Hp	stone	石	857	ɕioʔ⁴	Norman2003
427	Zhenqian	Zq	stone	石	857	tsio⁶	Norman2003
428	Jianchuan	Jc	stone	石	857	tso⁷	Xu1984
429	Jiangshan	Js	stone	石	857	siεʔ⁸	Norman2003
408	Common_Chinese	CC	ten	十	1515	*zhip8	Norman2003
409	Beijing	Bj	ten	十	1515	ʂʅ²	BeijingDaxue1964
410	Suzhou	Sz	ten	十	1515	zɤʔ⁸	BeijingDaxue1964
411	Nanchang	Nc	ten	十	1515	sət⁸	BeijingDaxue1964
412	Meixian	Mx	ten	十	1515	səp⁸	BeijingDaxue1964
413	Guangzhou	Gz	ten	十	1515	sɐp⁸	BeijingDaxue1964
414	Jiangyong	Jy	ten	十	1515	sɯə⁶	Huang1993
415	Heping	Hp	ten	十	1515	ɕimʔ⁴	Norman2003
416	Zhenqian	Zq	ten	十	1515	tsi⁶	Norman2003
417	Jianchuan	Jc	ten	十	1515	tsε⁷	Xu1984
418	Jiangshan	Js	ten	十	1515	søʔ⁸	Norman2003
12	Common_Chinese	CC	three	三	492	*sam¹	Norman2003
13	Beijing	Bj	three	三	492	san¹	BeijingDaxue1964
14	Suzhou	Sz	three	三	492	se¹	BeijingDaxue1964
15	Nanchang	Nc	three	三	492	san¹	BeijingDaxue1964
16	Meixian	Mx	three	三	492	sam¹	BeijingDaxue1964
17	Guangzhou	Gz	three	三	492	sam¹	BeijingDaxue1964
18	Jiangyong	Jy	three	三	492	soŋ¹	Huang1993
19	Heping	Hp	three	三	492	sam¹	Norman2003
20	Zhenqian	Zq	three	三	492	saŋ¹	Norman2003
21	Jianchuan	Jc	three	三	492	sã²	Xu1984
22	Jiangshan	Js	three	三	492	saŋ¹	Norman2003
309	Common_Chinese	CC	tree	樹	906	*zhy⁶	Norman2003
310	Beijing	Bj	tree	樹	906	ʂu⁵	BeijingDaxue1964
311	Suzhou	Sz	tree	樹	906	zɥ⁶	BeijingDaxue1964
312	Nanchang	Nc	tree	樹	906	ɕy⁶	BeijingDaxue1964
313	Meixian	Mx	tree	樹	906	su⁵	BeijingDaxue1964
314	Guangzhou	Gz	tree	樹	906	sy⁶	BeijingDaxue1964
315	Jiangyong	Jy	tree	樹	906	ɕyu⁶	Huang1993
316	Heping	Hp	tree	樹	906	tɕʰy5	Norman2003
317	Zhenqian	Zq	tree	樹	906	tsʰiu⁶	Norman2003
318	Jianchuan	Jc	tree	樹	906	tsɯ³	Xu1984
319	Jiangshan	Js	tree	樹	906	dzɯə⁶	Norman2003
320	Common_Chinese	CC	two	二	1498	*nhi⁶	Norman2003
321	Beijing	Bj	two	二	1498	ər⁵	BeijingDaxue1964
322	Suzhou	Sz	two	二	1498	ni⁶	BeijingDaxue1964
323	Nanchang	Nc	two	二	1498	ə⁶	BeijingDaxue1964
324	Meixian	Mx	two	二	1498	ni⁵	BeijingDaxue1964
325	Guangzhou	Gz	two	二	1498	ji⁶	BeijingDaxue1964
326	Jiangyong	Jy	two	二	1498	na⁶	Huang1993
327	Heping	Hp	two	二	1498	ni⁶	Norman2003
328	Zhenqian	Zq	two	二	1498	ni⁶	Norman2003
329	Jianchuan	Jc	two	二	1498	ne⁵	Xu1984
330	Jiangshan	Js	two	二	1498	ni⁶	Norman2003
155	Common_Chinese	CC	wait	等	1590	*teŋ³	Norman2003
156	Beijing	Bj	wait	等	1590	təŋ³	BeijingDaxue1964
157	Suzhou	Sz	wait	等	1590	tən³	BeijingDaxue1964
158	Nanchang	Nc	wait	等	1590	tεn ³	BeijingDaxue1964
159	Meixian	Mx	wait	等	1590	tεn³	BeijingDaxue1964
160	Guangzhou	Gz	wait	等	1590	tɐŋ³	BeijingDaxue1964
161	Jiangyong	Jy	wait	等	1590	lai³	Huang1993
162	Heping	Hp	wait	等	1590	ten³	Norman2003
163	Zhenqian	Zq	wait	等	1590	teuŋ³	Norman2003
164	Jianchuan	Jc	wait	等	1590	tɯ¹	Xu1984
165	Jiangshan	Js	wait	等	1590	tœ̃³	Norman2003
111	Common_Chinese	CC	water	水	948	*shyi³	Norman2003
112	Beijing	Bj	water	水	948	ʂui³	BeijingDaxue1964
113	Suzhou	Sz	water	水	948	sɥ³	BeijingDaxue1964
114	Nanchang	Nc	water	水	948	sui³	BeijingDaxue1964
115	Meixian	Mx	water	水	948	sui³	BeijingDaxue1964
116	Guangzhou	Gz	water	水	948	sœy³	BeijingDaxue1964
117	Jiangyong	Jy	water	水	948	ɕya³	Huang1993
118	Heping	Hp	water	水	948	sui³	Norman2003
119	Zhenqian	Zq	water	水	948	sui³	Norman2003
120	Jianchuan	Jc	water	水	948	ɕui¹	Xu1984
121	Jiangshan	Js	water	水	948	yi³	Norman2003
397	Common_Chinese	CC	white	白	1335	*bak⁸	Norman2003
398	Beijing	Bj	white	白	1335	pai²	BeijingDaxue1964
399	Suzhou	Sz	white	白	1335	bɐʔ⁸	BeijingDaxue1964
400	Nanchang	Nc	white	白	1335	pʰak⁸	BeijingDaxue1964
401	Meixian	Mx	white	白	1335	pʰak⁸	BeijingDaxue1964
402	Guangzhou	Gz	white	白	1335	pak⁸	BeijingDaxue1964
403	Jiangyong	Jy	white	白	1335	pɯə⁶	Huang1993
404	Heping	Hp	white	白	1335	pʰaʔ⁴	Norman2003
405	Zhenqian	Zq	white	白	1335	pa⁶	Norman2003
406	Jianchuan	Jc	white	白	1335	pε⁷	Xu1984
407	Jiangshan	Js	white	白	1335	baʔ⁸	Norman2003
